{"root":[{"assemblyName":"Unity.MemoryProfiler","nameSpace":"Unity.MemoryProfiler","className":"MetadataInjector","methodName":"PlayerInitMetadata","loadTypes":3,"isUnityClass":true},{"assemblyName":"Unity.RenderPipelines.Universal.Runtime","nameSpace":"UnityEngine.Rendering.Universal","className":"XRSystem","methodName":"XRSystemInit","loadTypes":3,"isUnityClass":true},{"assemblyName":"Unity.RenderPipelines.Core.Runtime","nameSpace":"UnityEngine.Rendering","className":"DebugUpdater","methodName":"RuntimeInit","loadTypes":0,"isUnityClass":true}]}
